<!--
  Licensed to the Apache Software Foundation (ASF) under one
  or more contributor license agreements.  See the NOTICE file
  distributed with this work for additional information
  regarding copyright ownership.  The ASF licenses this file
  to you under the Apache License, Version 2.0 (the
  "License"); you may not use this file except in compliance
  with the License.  You may obtain a copy of the License at
  
       http://www.apache.org/licenses/LICENSE-2.0
  
  Unless required by applicable law or agreed to in writing, software
  distributed under the License is distributed on an "AS IS" BASIS,
  WITHOUT WARRANTIES OR CONDITIONS OF ANY KIND, either express or implied.
  See the License for the specific language governing permissions and
  limitations under the License.
-->
<workflow-app xmlns="uri:oozie:workflow:0.2" name="BigDataProject">
    <start to="onScheduleAirlines"/>
    <action name="onScheduleAirlines">
        <map-reduce>
            <job-tracker>${jobTracker}</job-tracker>
            <name-node>${nameNode}</name-node>
            <prepare>
                <delete path="${nameNode}/user/${wf:user()}/${examplesRoot}/output/OnScheduleAirlines"/>
            </prepare>
            <configuration>
                <property>
                    <name>mapred.job.queue.name</name>
                    <value>${queueName}</value>
                </property>
                <property>
                    <name>mapreduce.job.map.class</name>
                    <value>OnScheduleMapper</value>
                </property>
                <property>
                    <name>mapreduce.job.reduce.class</name>
                    <value>OnScheduleReducer</value>
                </property>
				
				<property>  
                    <name>mapred.mapper.new-api</name>  
                    <value>true</value>  
                </property>  
                <property>  
                    <name>mapred.reducer.new-api</name>  
                    <value>true</value>  
                </property>  
                <property>  
                    <name>mapreduce.job.reduces</name>  
                    <value>1</value>  
                </property>  
				
				<property>
                    <name>mapreduce.map.output.key.class</name>
                    <value>org.apache.hadoop.io.Text</value>
                </property>
                <property>
                    <name>mapreduce.map.output.value.class</name>
                    <value>org.apache.hadoop.io.Text</value>
                </property>
				
                <property>
                    <name>mapreduce.job.output.key.class</name>
                    <value>org.apache.hadoop.io.Text</value>
                </property>
                <property>
                    <name>mapreduce.job.output.value.class</name>
                    <value>org.apache.hadoop.io.Text</value>
                </property>
				
                <property>
                    <name>mapreduce.input.fileinputformat.inputdir</name>
                    <value>${inputFilePath}</value>
                </property>
                <property>
                    <name>mapreduce.output.fileoutputformat.outputdir</name>
                    <value>/user/${wf:user()}/${examplesRoot}/output/OnScheduleAirlines</value>
                </property>
            </configuration>
        </map-reduce>
        <ok to="airportsTaxiTime"/>
        <error to="fail"/>
    </action>
	
	 <action name="airportsTaxiTime">
        <map-reduce>
            <job-tracker>${jobTracker}</job-tracker>
            <name-node>${nameNode}</name-node>
            <prepare>
                <delete path="${nameNode}/user/${wf:user()}/${examplesRoot}/output/AirportsTaxiTime"/>
            </prepare>
            <configuration>
                 <property>
                    <name>mapreduce.job.map.class</name>
                    <value>TaxiTimeMapper</value>
                </property>
                <property>
                    <name>mapreduce.job.reduce.class</name>
                    <value>TaxiTimeReducer</value>
                </property>
				
				<property>  
                    <name>mapred.mapper.new-api</name>  
                    <value>true</value>  
                </property>  
                <property>  
                    <name>mapred.reducer.new-api</name>  
                    <value>true</value>  
                </property>  
                <property>  
                    <name>mapreduce.job.reduces</name>  
                    <value>1</value>  
                </property>  
				
                <property>
                    <name>mapreduce.map.output.key.class</name>
                    <value>org.apache.hadoop.io.Text</value>
                </property>
                <property>
                    <name>mapreduce.map.output.value.class</name>
                    <value>org.apache.hadoop.io.Text</value>
                </property>
				
                <property>
                    <name>mapreduce.job.output.key.class</name>
                    <value>org.apache.hadoop.io.Text</value>
                </property>
                <property>
                    <name>mapreduce.job.output.value.class</name>
                    <value>org.apache.hadoop.io.Text</value>
                </property>
				
                <property>
                    <name>mapreduce.input.fileinputformat.inputdir</name>
                    <value>${inputFilePath}</value>
                </property>
				
                <property>
                    <name>mapreduce.output.fileoutputformat.outputdir</name>
                    <value>/user/${wf:user()}/${examplesRoot}/output/AirportsTaxiTime</value>
                </property>
            </configuration>
        </map-reduce>
        <ok to="cancellations"/>
        <error to="fail"/>
    </action>
	
	
	    <action name="cancellations">
        <map-reduce>
            <job-tracker>${jobTracker}</job-tracker>
            <name-node>${nameNode}</name-node>
            <prepare>
                <delete path="${nameNode}/user/${wf:user()}/${examplesRoot}/output/Cancellations"/>
            </prepare>
            <configuration>
                <property>
                    <name>mapred.job.queue.name</name>
                    <value>${queueName}</value>
                </property>
                <property>
                    <name>mapreduce.job.map.class</name>
                    <value>CancellationsMapper</value>
                </property>
                <property>
                    <name>mapreduce.job.reduce.class</name>
                    <value>CancellationsReducer</value>
                </property>
				
				<property>  
                    <name>mapred.mapper.new-api</name>  
                    <value>true</value>  
                </property>  
                <property>  
                    <name>mapred.reducer.new-api</name>  
                    <value>true</value>  
                </property>  
                <property>  
                    <name>mapreduce.job.reduces</name>  
                    <value>1</value>  
                </property>  
				
               <property>
                    <name>mapreduce.map.output.key.class</name>
                    <value>org.apache.hadoop.io.Text</value>
                </property>
                <property>
                    <name>mapreduce.map.output.value.class</name>
                    <value>org.apache.hadoop.io.IntWritable</value>
                </property>
				
                <property>
                    <name>mapreduce.job.output.key.class</name>
                    <value>org.apache.hadoop.io.Text</value>
                </property>
                <property>
                    <name>mapreduce.job.output.value.class</name>
                    <value>org.apache.hadoop.io.Text</value>
                </property>
				
                <property>
                    <name>mapreduce.input.fileinputformat.inputdir</name>
                    <value>${inputFilePath}</value>
                </property>
                <property>
                    <name>mapreduce.output.fileoutputformat.outputdir</name>
                    <value>/user/${wf:user()}/${examplesRoot}/output/Cancellations</value>
                </property>
            </configuration>
        </map-reduce>
        <ok to="end"/>
        <error to="fail"/>
    </action>
	
    <kill name="fail">
        <message>Map/Reduce failed, error message[${wf:errorMessage(wf:lastErrorNode())}]</message>
    </kill>
    <end name="end"/>
</workflow-app>
